id,title,description,director
DVD0001,The Godfather,Bekannter Filmtitel für Demo.,N/A
DVD0002,The Dark Knight,Bekannter Filmtitel für Demo.,N/A
DVD0003,Pulp Fiction,Bekannter Filmtitel für Demo.,N/A
DVD0004,Fight Club,Bekannter Filmtitel für Demo.,N/A
DVD0005,Forrest Gump,Bekannter Filmtitel für Demo.,N/A
DVD0006,Inception,Bekannter Filmtitel für Demo.,N/A
DVD0007,The Matrix,Bekannter Filmtitel für Demo.,N/A
DVD0008,Goodfellas,Bekannter Filmtitel für Demo.,N/A
DVD0009,Se7en,Bekannter Filmtitel für Demo.,N/A
DVD0010,The Silence of the Lambs,Bekannter Filmtitel für Demo.,N/A
DVD0011,Interstellar,Bekannter Filmtitel für Demo.,N/A
DVD0012,The Lord of the Rings: The Return of the King,Bekannter Filmtitel für Demo.,N/A
DVD0013,Gladiator,Bekannter Filmtitel für Demo.,N/A
DVD0014,Jurassic Park,Bekannter Filmtitel für Demo.,N/A
DVD0015,The Shawshank Redemption,Bekannter Filmtitel für Demo.,N/A
DVD0016,Schindler’s List,Bekannter Filmtitel für Demo.,N/A
DVD0017,The Green Mile,Bekannter Filmtitel für Demo.,N/A
DVD0018,Saving Private Ryan,Bekannter Filmtitel für Demo.,N/A
DVD0019,Terminator 2,Bekannter Filmtitel für Demo.,N/A
DVD0020,Alien,Bekannter Filmtitel für Demo.,N/A
DVD0021,Back to the Future,Bekannter Filmtitel für Demo.,N/A
DVD0022,Heat,Bekannter Filmtitel für Demo.,N/A
DVD0023,The Departed,Bekannter Filmtitel für Demo.,N/A
DVD0024,No Country for Old Men,Bekannter Filmtitel für Demo.,N/A
DVD0025,Mad Max: Fury Road,Bekannter Filmtitel für Demo.,N/A
DVD0026,Whiplash,Bekannter Filmtitel für Demo.,N/A
DVD0027,Parasite,Bekannter Filmtitel für Demo.,N/A
DVD0028,Get Out,Bekannter Filmtitel für Demo.,N/A
DVD0029,Inglourious Basterds,Bekannter Filmtitel für Demo.,N/A
DVD0030,Django Unchained,Bekannter Filmtitel für Demo.,N/A
DVD0031,The Prestige,Bekannter Filmtitel für Demo.,N/A
DVD0032,Memento,Bekannter Filmtitel für Demo.,N/A
DVD0033,City of God,Bekannter Filmtitel für Demo.,N/A
DVD0034,Spirited Away,Bekannter Filmtitel für Demo.,N/A
DVD0035,The Lion King,Bekannter Filmtitel für Demo.,N/A
DVD0036,Wall‑E,Bekannter Filmtitel für Demo.,N/A
DVD0037,Toy Story,Bekannter Filmtitel für Demo.,N/A
DVD0038,Up,Bekannter Filmtitel für Demo.,N/A
DVD0039,Blade Runner,Bekannter Filmtitel für Demo.,N/A
DVD0040,Apocalypse Now,Bekannter Filmtitel für Demo.,N/A
DVD0041,The Big Lebowski,Bekannter Filmtitel für Demo.,N/A
DVD0042,American Beauty,Bekannter Filmtitel für Demo.,N/A
DVD0043,Her,Bekannter Filmtitel für Demo.,N/A
DVD0044,Arrival,Bekannter Filmtitel für Demo.,N/A
DVD0045,The Social Network,Bekannter Filmtitel für Demo.,N/A
DVD0046,A Beautiful Mind,Bekannter Filmtitel für Demo.,N/A
DVD0047,The Revenant,Bekannter Filmtitel für Demo.,N/A
DVD0048,There Will Be Blood,Bekannter Filmtitel für Demo.,N/A
DVD0049,Oldboy,Bekannter Filmtitel für Demo.,N/A
DVD0050,Moonlight,Bekannter Filmtitel für Demo.,N/A
